[{"model": "auth.permission", "pk": 1, "fields": {"name": "Can add log entry", "content_type": 1, "codename": "add_logentry"}}, {"model": "auth.permission", "pk": 2, "fields": {"name": "Can change log entry", "content_type": 1, "codename": "change_logentry"}}, {"model": "auth.permission", "pk": 3, "fields": {"name": "Can delete log entry", "content_type": 1, "codename": "delete_logentry"}}, {"model": "auth.permission", "pk": 4, "fields": {"name": "Can view log entry", "content_type": 1, "codename": "view_logentry"}}, {"model": "auth.permission", "pk": 5, "fields": {"name": "Can add permission", "content_type": 2, "codename": "add_permission"}}, {"model": "auth.permission", "pk": 6, "fields": {"name": "Can change permission", "content_type": 2, "codename": "change_permission"}}, {"model": "auth.permission", "pk": 7, "fields": {"name": "Can delete permission", "content_type": 2, "codename": "delete_permission"}}, {"model": "auth.permission", "pk": 8, "fields": {"name": "Can view permission", "content_type": 2, "codename": "view_permission"}}, {"model": "auth.permission", "pk": 9, "fields": {"name": "Can add group", "content_type": 3, "codename": "add_group"}}, {"model": "auth.permission", "pk": 10, "fields": {"name": "Can change group", "content_type": 3, "codename": "change_group"}}, {"model": "auth.permission", "pk": 11, "fields": {"name": "Can delete group", "content_type": 3, "codename": "delete_group"}}, {"model": "auth.permission", "pk": 12, "fields": {"name": "Can view group", "content_type": 3, "codename": "view_group"}}, {"model": "auth.permission", "pk": 13, "fields": {"name": "Can add user", "content_type": 4, "codename": "add_user"}}, {"model": "auth.permission", "pk": 14, "fields": {"name": "Can change user", "content_type": 4, "codename": "change_user"}}, {"model": "auth.permission", "pk": 15, "fields": {"name": "Can delete user", "content_type": 4, "codename": "delete_user"}}, {"model": "auth.permission", "pk": 16, "fields": {"name": "Can view user", "content_type": 4, "codename": "view_user"}}, {"model": "auth.permission", "pk": 17, "fields": {"name": "Can add content type", "content_type": 5, "codename": "add_contenttype"}}, {"model": "auth.permission", "pk": 18, "fields": {"name": "Can change content type", "content_type": 5, "codename": "change_contenttype"}}, {"model": "auth.permission", "pk": 19, "fields": {"name": "Can delete content type", "content_type": 5, "codename": "delete_contenttype"}}, {"model": "auth.permission", "pk": 20, "fields": {"name": "Can view content type", "content_type": 5, "codename": "view_contenttype"}}, {"model": "auth.permission", "pk": 21, "fields": {"name": "Can add session", "content_type": 6, "codename": "add_session"}}, {"model": "auth.permission", "pk": 22, "fields": {"name": "Can change session", "content_type": 6, "codename": "change_session"}}, {"model": "auth.permission", "pk": 23, "fields": {"name": "Can delete session", "content_type": 6, "codename": "delete_session"}}, {"model": "auth.permission", "pk": 24, "fields": {"name": "Can view session", "content_type": 6, "codename": "view_session"}}, {"model": "auth.permission", "pk": 25, "fields": {"name": "Can add category", "content_type": 7, "codename": "add_category"}}, {"model": "auth.permission", "pk": 26, "fields": {"name": "Can change category", "content_type": 7, "codename": "change_category"}}, {"model": "auth.permission", "pk": 27, "fields": {"name": "Can delete category", "content_type": 7, "codename": "delete_category"}}, {"model": "auth.permission", "pk": 28, "fields": {"name": "Can view category", "content_type": 7, "codename": "view_category"}}, {"model": "auth.permission", "pk": 29, "fields": {"name": "Can add product", "content_type": 8, "codename": "add_product"}}, {"model": "auth.permission", "pk": 30, "fields": {"name": "Can change product", "content_type": 8, "codename": "change_product"}}, {"model": "auth.permission", "pk": 31, "fields": {"name": "Can delete product", "content_type": 8, "codename": "delete_product"}}, {"model": "auth.permission", "pk": 32, "fields": {"name": "Can view product", "content_type": 8, "codename": "view_product"}}, {"model": "auth.permission", "pk": 33, "fields": {"name": "Can add order", "content_type": 9, "codename": "add_order"}}, {"model": "auth.permission", "pk": 34, "fields": {"name": "Can change order", "content_type": 9, "codename": "change_order"}}, {"model": "auth.permission", "pk": 35, "fields": {"name": "Can delete order", "content_type": 9, "codename": "delete_order"}}, {"model": "auth.permission", "pk": 36, "fields": {"name": "Can view order", "content_type": 9, "codename": "view_order"}}, {"model": "auth.permission", "pk": 37, "fields": {"name": "Can add order item", "content_type": 10, "codename": "add_orderitem"}}, {"model": "auth.permission", "pk": 38, "fields": {"name": "Can change order item", "content_type": 10, "codename": "change_orderitem"}}, {"model": "auth.permission", "pk": 39, "fields": {"name": "Can delete order item", "content_type": 10, "codename": "delete_orderitem"}}, {"model": "auth.permission", "pk": 40, "fields": {"name": "Can view order item", "content_type": 10, "codename": "view_orderitem"}}, {"model": "auth.permission", "pk": 41, "fields": {"name": "Can add Token", "content_type": 11, "codename": "add_token"}}, {"model": "auth.permission", "pk": 42, "fields": {"name": "Can change Token", "content_type": 11, "codename": "change_token"}}, {"model": "auth.permission", "pk": 43, "fields": {"name": "Can delete Token", "content_type": 11, "codename": "delete_token"}}, {"model": "auth.permission", "pk": 44, "fields": {"name": "Can view Token", "content_type": 11, "codename": "view_token"}}, {"model": "auth.permission", "pk": 45, "fields": {"name": "Can add Token", "content_type": 12, "codename": "add_tokenproxy"}}, {"model": "auth.permission", "pk": 46, "fields": {"name": "Can change Token", "content_type": 12, "codename": "change_tokenproxy"}}, {"model": "auth.permission", "pk": 47, "fields": {"name": "Can delete Token", "content_type": 12, "codename": "delete_tokenproxy"}}, {"model": "auth.permission", "pk": 48, "fields": {"name": "Can view Token", "content_type": 12, "codename": "view_tokenproxy"}}, {"model": "auth.user", "pk": 1, "fields": {"password": "pbkdf2_sha256$1000000$0e180b9PAxLiFhN2MKtVWb$V9s6VVZDINfh3N5/gEzg5DHNjCpKzf8bGCO75nqL8HQ=", "last_login": "2025-07-10T12:42:19.292Z", "is_superuser": true, "username": "super", "first_name": "", "last_name": "", "email": "", "is_staff": true, "is_active": true, "date_joined": "2025-07-10T12:41:40.162Z", "groups": [], "user_permissions": []}}, {"model": "auth.user", "pk": 2, "fields": {"password": "pbkdf2_sha256$1000000$CJy90Zme4272KNzUYtWvzO$enOfL8yKkBNMRzv9ndxQ4TMugxFnHN6+V1jWt+I2oow=", "last_login": null, "is_superuser": false, "username": "edithbruh", "first_name": "", "last_name": "", "email": "gregory20korol20@gmail.com", "is_staff": false, "is_active": true, "date_joined": "2025-07-10T12:42:42.608Z", "groups": [], "user_permissions": []}}, {"model": "auth.user", "pk": 3, "fields": {"password": "pbkdf2_sha256$1000000$aOWwMosPmJ3sxEL7b2TvGk$q0P4Hu8rB1irU5dGZN0ocIM4cQfh8jkL0OuHxJsUKpM=", "last_login": null, "is_superuser": false, "username": "gregory", "first_name": "", "last_name": "", "email": "gregory20korol20@gmail.com", "is_staff": false, "is_active": true, "date_joined": "2025-07-14T12:18:12.953Z", "groups": [], "user_permissions": []}}, {"model": "contenttypes.contenttype", "pk": 1, "fields": {"app_label": "admin", "model": "logentry"}}, {"model": "contenttypes.contenttype", "pk": 2, "fields": {"app_label": "auth", "model": "permission"}}, {"model": "contenttypes.contenttype", "pk": 3, "fields": {"app_label": "auth", "model": "group"}}, {"model": "contenttypes.contenttype", "pk": 4, "fields": {"app_label": "auth", "model": "user"}}, {"model": "contenttypes.contenttype", "pk": 5, "fields": {"app_label": "contenttypes", "model": "contenttype"}}, {"model": "contenttypes.contenttype", "pk": 6, "fields": {"app_label": "sessions", "model": "session"}}, {"model": "contenttypes.contenttype", "pk": 7, "fields": {"app_label": "store_backend", "model": "category"}}, {"model": "contenttypes.contenttype", "pk": 8, "fields": {"app_label": "store_backend", "model": "product"}}, {"model": "contenttypes.contenttype", "pk": 9, "fields": {"app_label": "store_backend", "model": "order"}}, {"model": "contenttypes.contenttype", "pk": 10, "fields": {"app_label": "store_backend", "model": "orderitem"}}, {"model": "contenttypes.contenttype", "pk": 11, "fields": {"app_label": "authtoken", "model": "token"}}, {"model": "contenttypes.contenttype", "pk": 12, "fields": {"app_label": "authtoken", "model": "tokenproxy"}}, {"model": "sessions.session", "pk": "znn4v4b8yk2p9473swe9v2qblse1mbc4", "fields": {"session_data": ".eJxVjDsOwjAQBe_iGllrO_5R0nMGy7vr4ABypDipEHeHSCmgfTPzXiLlba1p62VJE4uzUOL0u2GmR2k74Htut1nS3NZlQrkr8qBdXmcuz8vh_h3U3Ou3jsUMkQwAea-8Bh5xcDBa0kwcbEQEh8YW48hYjF5FxYAx2GCy1iqI9wfQMDcS:1uZqbT:dnFk0k0dmGb0jc0fiR-oHraaQJs9ODzHIw00zweTMy4", "expire_date": "2025-07-24T12:42:19.298Z"}}, {"model": "store_backend.category", "pk": 1, "fields": {"name": "Harsh Kumar"}}, {"model": "store_backend.category", "pk": 2, "fields": {"name": "Electronics"}}, {"model": "store_backend.category", "pk": 3, "fields": {"name": "Furniture"}}, {"model": "store_backend.category", "pk": 4, "fields": {"name": "Shoes"}}, {"model": "store_backend.category", "pk": 5, "fields": {"name": "Miscellaneous"}}, {"model": "store_backend.product", "pk": 1, "fields": {"name": "Classic Black Hooded Sweatshirt", "description": "Elevate your casual wardrobe with our Classic Black Hooded Sweatshirt. Made from high-quality, soft fabric that ensures comfort and durability, this hoodie features a spacious kangaroo pocket and an adjustable drawstring hood. Its versatile design makes it perfect for a relaxed day at home or a casual outing.", "price": "100.00", "image": "https://i.imgur.com/cSytoSD.jpeg", "category": 1}}, {"model": "store_backend.product", "pk": 2, "fields": {"name": "Classic Comfort Fit Joggers", "description": "Discover the perfect blend of style and comfort with our Classic Comfort Fit Joggers. These versatile black joggers feature a soft elastic waistband with an adjustable drawstring, two side pockets, and ribbed ankle cuffs for a secure fit. Made from a lightweight and durable fabric, they are ideal for both active days and relaxed lounging.", "price": "25.00", "image": "https://i.imgur.com/ZKGofuB.jpeg", "category": 1}}, {"model": "store_backend.product", "pk": 3, "fields": {"name": "Classic Red Jogger Sweatpants", "description": "Experience ultimate comfort with our red jogger sweatpants, perfect for both workout sessions and lounging around the house. Made with soft, durable fabric, these joggers feature a snug waistband, adjustable drawstring, and practical side pockets for functionality. Their tapered design and elastic cuffs offer a modern fit that keeps you looking stylish on the go.", "price": "98.00", "image": "https://i.imgur.com/9LFjwpI.jpeg", "category": 1}}, {"model": "store_backend.product", "pk": 4, "fields": {"name": "Classic Navy Blue Baseball Cap", "description": "Step out in style with this sleek navy blue baseball cap. Crafted from durable material, it features a smooth, structured design and an adjustable strap for the perfect fit. Protect your eyes from the sun and complement your casual looks with this versatile and timeless accessory.", "price": "61.00", "image": "https://i.imgur.com/R3iobJA.jpeg", "category": 1}}, {"model": "store_backend.product", "pk": 5, "fields": {"name": "Classic Grey Hooded Sweatshirt", "description": "Elevate your casual wear with our Classic Grey Hooded Sweatshirt. Made from a soft cotton blend, this hoodie features a front kangaroo pocket, an adjustable drawstring hood, and ribbed cuffs for a snug fit. Perfect for those chilly evenings or lazy weekends, it pairs effortlessly with your favorite jeans or joggers.", "price": "90.00", "image": "https://i.imgur.com/R2PN9Wq.jpeg", "category": 1}}, {"model": "store_backend.product", "pk": 6, "fields": {"name": "Classic Black Baseball Cap", "description": "Elevate your casual wear with this timeless black baseball cap. Made with high-quality, breathable fabric, it features an adjustable strap for the perfect fit. Whether youТre out for a jog or just running errands, this cap adds a touch of style to any outfit.", "price": "58.00", "image": "https://i.imgur.com/KeqG6r4.jpeg", "category": 1}}, {"model": "store_backend.product", "pk": 7, "fields": {"name": "Classic Olive Chino Shorts", "description": "Elevate your casual wardrobe with these classic olive chino shorts. Designed for comfort and versatility, they feature a smooth waistband, practical pockets, and a tailored fit that makes them perfect for both relaxed weekends and smart-casual occasions. The durable fabric ensures they hold up throughout your daily activities while maintaining a stylish look.", "price": "84.00", "image": "https://i.imgur.com/UsFIvYs.jpeg", "category": 1}}, {"model": "store_backend.product", "pk": 8, "fields": {"name": "Classic White Crew Neck T-Shirt", "description": "Elevate your basics with this versatile white crew neck tee. Made from a soft, breathable cotton blend, it offers both comfort and durability. Its sleek, timeless design ensures it pairs well with virtually any outfit. Ideal for layering or wearing on its own, this t-shirt is a must-have staple for every wardrobe.", "price": "39.00", "image": "https://i.imgur.com/axsyGpD.jpeg", "category": 1}}, {"model": "store_backend.product", "pk": 9, "fields": {"name": "Classic High-Waisted Athletic Shorts", "description": "Stay comfortable and stylish with our Classic High-Waisted Athletic Shorts. Designed for optimal movement and versatility, these shorts are a must-have for your workout wardrobe. Featuring a figure-flattering high waist, breathable fabric, and a secure fit that ensures they stay in place during any activity, these shorts are perfect for the gym, running, or even just casual wear.", "price": "43.00", "image": "https://i.imgur.com/eGOUveI.jpeg", "category": 1}}, {"model": "store_backend.product", "pk": 10, "fields": {"name": "Classic Black T-Shirt", "description": "Elevate your everyday style with our Classic Black T-Shirt. This staple piece is crafted from soft, breathable cotton for all-day comfort. Its versatile design features a classic crew neck and short sleeves, making it perfect for layering or wearing on its own. Durable and easy to care for, it's sure to become a favorite in your wardrobe.", "price": "35.00", "image": "https://i.imgur.com/9DqEOV5.jpeg", "category": 1}}, {"model": "store_backend.product", "pk": 11, "fields": {"name": "Sleek Wireless Headphone & Inked Earbud Set", "description": "Experience the fusion of style and sound with this sophisticated audio set featuring a pair of sleek, white wireless headphones offering crystal-clear sound quality and over-ear comfort. The set also includes a set of durable earbuds, perfect for an on-the-go lifestyle. Elevate your music enjoyment with this versatile duo, designed to cater to all your listening needs.", "price": "44.00", "image": "https://i.imgur.com/yVeIeDa.jpeg", "category": 2}}, {"model": "store_backend.product", "pk": 12, "fields": {"name": "Sleek Comfort-Fit Over-Ear Headphones", "description": "Experience superior sound quality with our Sleek Comfort-Fit Over-Ear Headphones, designed for prolonged use with cushioned ear cups and an adjustable, padded headband. Ideal for immersive listening, whether you're at home, in the office, or on the move. Their durable construction and timeless design provide both aesthetically pleasing looks and long-lasting performance.", "price": "28.00", "image": "https://i.imgur.com/SolkFEB.jpeg", "category": 2}}, {"model": "store_backend.product", "pk": 13, "fields": {"name": "Classic Red Baseball Cap", "description": "Elevate your casual wardrobe with this timeless red baseball cap. Crafted from durable fabric, it features a comfortable fit with an adjustable strap at the back, ensuring one size fits all. Perfect for sunny days or adding a sporty touch to your outfit.", "price": "35.00", "image": "https://i.imgur.com/cBuLvBi.jpeg", "category": 1}}, {"model": "store_backend.product", "pk": 14, "fields": {"name": "Sleek Modern Laptop for Professionals", "description": "Experience cutting-edge technology and elegant design with our latest laptop model. Perfect for professionals on-the-go, this high-performance laptop boasts a powerful processor, ample storage, and a long-lasting battery life, all encased in a lightweight, slim frame for ultimate portability. Shop now to elevate your work and play.", "price": "97.00", "image": "https://i.imgur.com/ItHcq7o.jpeg", "category": 2}}, {"model": "store_backend.product", "pk": 15, "fields": {"name": "Efficient 2-Slice Toaster", "description": "Enhance your morning routine with our sleek 2-slice toaster, featuring adjustable browning controls and a removable crumb tray for easy cleaning. This compact and stylish appliance is perfect for any kitchen, ensuring your toast is always golden brown and delicious.", "price": "48.00", "image": "https://i.imgur.com/keVCVIa.jpeg", "category": 2}}, {"model": "store_backend.product", "pk": 16, "fields": {"name": "Sleek Modern Laptop with Ambient Lighting", "description": "Experience next-level computing with our ultra-slim laptop, featuring a stunning display illuminated by ambient lighting. This high-performance machine is perfect for both work and play, delivering powerful processing in a sleek, portable design. The vibrant colors add a touch of personality to your tech collection, making it as stylish as it is functional.", "price": "43.00", "image": "https://i.imgur.com/OKn1KFI.jpeg", "category": 2}}, {"model": "store_backend.product", "pk": 17, "fields": {"name": "Stylish Red & Silver Over-Ear Headphones", "description": "Immerse yourself in superior sound quality with these sleek red and silver over-ear headphones. Designed for comfort and style, the headphones feature cushioned ear cups, an adjustable padded headband, and a detachable red cable for easy storage and portability. Perfect for music lovers and audiophiles who value both appearance and audio fidelity.", "price": "39.00", "image": "https://i.imgur.com/YaSqa06.jpeg", "category": 2}}, {"model": "store_backend.product", "pk": 18, "fields": {"name": "Sleek Mirror Finish Phone Case", "description": "Enhance your smartphone's look with this ultra-sleek mirror finish phone case. Designed to offer style with protection, the case features a reflective surface that adds a touch of elegance while keeping your device safe from scratches and impacts. Perfect for those who love a minimalist and modern aesthetic.", "price": "27.00", "image": "https://i.imgur.com/yb9UQKL.jpeg", "category": 2}}, {"model": "store_backend.product", "pk": 19, "fields": {"name": "Mid-Century Modern Wooden Dining Table", "description": "Elevate your dining room with this sleek Mid-Century Modern dining table, featuring an elegant walnut finish and tapered legs for a timeless aesthetic. Its sturdy wood construction and minimalist design make it a versatile piece that fits with a variety of decor styles. Perfect for intimate dinners or as a stylish spot for your morning coffee.", "price": "24.00", "image": "https://i.imgur.com/DMQHGA0.jpeg", "category": 3}}, {"model": "store_backend.product", "pk": 20, "fields": {"name": "Sleek Smartwatch with Vibrant Display", "description": "Experience modern timekeeping with our high-tech smartwatch, featuring a vivid touch screen display, customizable watch faces, and a comfortable blue silicone strap. This smartwatch keeps you connected with notifications and fitness tracking while showcasing exceptional style and versatility.", "price": "16.00", "image": "https://i.imgur.com/LGk9Jn2.jpeg", "category": 2}}, {"model": "store_backend.product", "pk": 21, "fields": {"name": "Sleek White & Orange Wireless Gaming Controller", "description": "Elevate your gaming experience with this state-of-the-art wireless controller, featuring a crisp white base with vibrant orange accents. Designed for precision play, the ergonomic shape and responsive buttons provide maximum comfort and control for endless hours of gameplay. Compatible with multiple gaming platforms, this controller is a must-have for any serious gamer looking to enhance their setup.", "price": "69.00", "image": "https://i.imgur.com/ZANVnHE.jpeg", "category": 2}}, {"model": "store_backend.product", "pk": 22, "fields": {"name": "Elegant Golden-Base Stone Top Dining Table", "description": "Elevate your dining space with this luxurious table, featuring a sturdy golden metal base with an intricate rod design that provides both stability and chic elegance. The smooth stone top in a sleek round shape offers a robust surface for your dining pleasure. Perfect for both everyday meals and special occasions, this table easily complements any modern or glam decor.", "price": "66.00", "image": "https://i.imgur.com/NWIJKUj.jpeg", "category": 3}}, {"model": "store_backend.product", "pk": 23, "fields": {"name": "Modern Elegance Teal Armchair", "description": "Elevate your living space with this beautifully crafted armchair, featuring a sleek wooden frame that complements its vibrant teal upholstery. Ideal for adding a pop of color and contemporary style to any room, this chair provides both superb comfort and sophisticated design. Perfect for reading, relaxing, or creating a cozy conversation nook.", "price": "25.00", "image": "https://i.imgur.com/6wkyyIN.jpeg", "category": 3}}, {"model": "store_backend.product", "pk": 24, "fields": {"name": "Sleek Modern Leather Sofa", "description": "Enhance the elegance of your living space with our Sleek Modern Leather Sofa. Designed with a minimalist aesthetic, it features clean lines and a luxurious leather finish. The robust metal legs provide stability and support, while the plush cushions ensure comfort. Perfect for contemporary homes or office waiting areas, this sofa is a statement piece that combines style with practicality.", "price": "53.00", "image": "https://i.imgur.com/Qphac99.jpeg", "category": 3}}, {"model": "store_backend.product", "pk": 25, "fields": {"name": "Modern Minimalist Workstation Setup", "description": "Elevate your home office with our Modern Minimalist Workstation Setup, featuring a sleek wooden desk topped with an elegant computer, stylish adjustable wooden desk lamp, and complimentary accessories for a clean, productive workspace. This setup is perfect for professionals seeking a contemporary look that combines functionality with design.", "price": "49.00", "image": "https://i.imgur.com/3oXNBst.jpeg", "category": 3}}, {"model": "store_backend.product", "pk": 26, "fields": {"name": "Modern Ergonomic Office Chair", "description": "Elevate your office space with this sleek and comfortable Modern Ergonomic Office Chair. Designed to provide optimal support throughout the workday, it features an adjustable height mechanism, smooth-rolling casters for easy mobility, and a cushioned seat for extended comfort. The clean lines and minimalist white design make it a versatile addition to any contemporary workspace.", "price": "71.00", "image": "https://i.imgur.com/3dU0m72.jpeg", "category": 3}}, {"model": "store_backend.product", "pk": 27, "fields": {"name": "Futuristic Holographic Soccer Cleats", "description": "Step onto the field and stand out from the crowd with these eye-catching holographic soccer cleats. Designed for the modern player, these cleats feature a sleek silhouette, lightweight construction for maximum agility, and durable studs for optimal traction. The shimmering holographic finish reflects a rainbow of colors as you move, ensuring that you'll be noticed for both your skills and style. Perfect for the fashion-forward athlete who wants to make a statement.", "price": "39.00", "image": "https://i.imgur.com/qNOjJje.jpeg", "category": 4}}, {"model": "store_backend.product", "pk": 28, "fields": {"name": "Rainbow Glitter High Heels", "description": "Step into the spotlight with these eye-catching rainbow glitter high heels. Designed to dazzle, each shoe boasts a kaleidoscope of shimmering colors that catch and reflect light with every step. Perfect for special occasions or a night out, these stunners are sure to turn heads and elevate any ensemble.", "price": "39.00", "image": "https://i.imgur.com/62gGzeF.jpeg", "category": 4}}, {"model": "store_backend.product", "pk": 29, "fields": {"name": "Elegant Solid Wood Dining Table", "description": "Enhance your dining space with this sleek, contemporary dining table, crafted from high-quality solid wood with a warm finish. Its sturdy construction and minimalist design make it a perfect addition for any home looking for a touch of elegance. Accommodates up to six guests comfortably and includes a striking fruit bowl centerpiece. The overhead lighting is not included.", "price": "67.00", "image": "https://i.imgur.com/4lTaHfF.jpeg", "category": 3}}, {"model": "store_backend.product", "pk": 30, "fields": {"name": "Chic Summer Denim Espadrille Sandals", "description": "Step into summer with style in our denim espadrille sandals. Featuring a braided jute sole for a classic touch and adjustable denim straps for a snug fit, these sandals offer both comfort and a fashionable edge. The easy slip-on design ensures convenience for beach days or casual outings.", "price": "33.00", "image": "https://i.imgur.com/9qrmE1b.jpeg", "category": 4}}, {"model": "store_backend.product", "pk": 31, "fields": {"name": "Vibrant Runners: Bold Orange & Blue Sneakers", "description": "Step into style with these eye-catching sneakers featuring a striking combination of orange and blue hues. Designed for both comfort and fashion, these shoes come with flexible soles and cushioned insoles, perfect for active individuals who don't compromise on style. The reflective silver accents add a touch of modernity, making them a standout accessory for your workout or casual wear.", "price": "27.00", "image": "https://i.imgur.com/hKcMNJs.jpeg", "category": 4}}, {"model": "store_backend.product", "pk": 32, "fields": {"name": "Vibrant Pink Classic Sneakers", "description": "Step into style with our Vibrant Pink Classic Sneakers! These eye-catching shoes feature a bold pink hue with iconic white detailing, offering a sleek, timeless design. Constructed with durable materials and a comfortable fit, they are perfect for those seeking a pop of color in their everyday footwear. Grab a pair today and add some vibrancy to your step!", "price": "84.00", "image": "https://i.imgur.com/mcW42Gi.jpeg", "category": 4}}, {"model": "store_backend.product", "pk": 33, "fields": {"name": "Futuristic Silver and Gold High-Top Sneaker", "description": "Step into the future with this eye-catching high-top sneaker, designed for those who dare to stand out. The sneaker features a sleek silver body with striking gold accents, offering a modern twist on classic footwear. Its high-top design provides support and style, making it the perfect addition to any avant-garde fashion collection. Grab a pair today and elevate your shoe game!", "price": "68.00", "image": "https://i.imgur.com/npLfCGq.jpeg", "category": 4}}, {"model": "store_backend.product", "pk": 34, "fields": {"name": "Elegant Patent Leather Peep-Toe Pumps with Gold-Tone Heel", "description": "Step into sophistication with these chic peep-toe pumps, showcasing a lustrous patent leather finish and an eye-catching gold-tone block heel. The ornate buckle detail adds a touch of glamour, perfect for elevating your evening attire or complementing a polished daytime look.", "price": "53.00", "image": "https://i.imgur.com/AzAY4Ed.jpeg", "category": 4}}, {"model": "store_backend.product", "pk": 35, "fields": {"name": "Futuristic Chic High-Heel Boots", "description": "Elevate your style with our cutting-edge high-heel boots that blend bold design with avant-garde aesthetics. These boots feature a unique color-block heel, a sleek silhouette, and a versatile light grey finish that pairs easily with any cutting-edge outfit. Crafted for the fashion-forward individual, these boots are sure to make a statement.", "price": "36.00", "image": "https://i.imgur.com/HqYqLnW.jpeg", "category": 4}}, {"model": "store_backend.product", "pk": 36, "fields": {"name": "Elegant Purple Leather Loafers", "description": "Step into sophistication with our Elegant Purple Leather Loafers, perfect for making a bold statement. Crafted from high-quality leather with a vibrant purple finish, these shoes feature a classic loafer silhouette that's been updated with a contemporary twist. The comfortable slip-on design and durable soles ensure both style and functionality for the modern man.", "price": "17.00", "image": "https://i.imgur.com/Au8J9sX.jpeg", "category": 4}}, {"model": "store_backend.product", "pk": 37, "fields": {"name": "Classic Blue Suede Casual Shoes", "description": "Step into comfort with our Classic Blue Suede Casual Shoes, perfect for everyday wear. These shoes feature a stylish blue suede upper, durable rubber soles for superior traction, and classic lace-up fronts for a snug fit. The sleek design pairs well with both jeans and chinos, making them a versatile addition to any wardrobe.", "price": "39.00", "image": "https://i.imgur.com/sC0ztOB.jpeg", "category": 4}}, {"model": "store_backend.product", "pk": 38, "fields": {"name": "Sleek All-Terrain Go-Kart", "description": "Experience the thrill of outdoor adventures with our Sleek All-Terrain Go-Kart, featuring a durable frame, comfortable racing seat, and robust, large-tread tires perfect for handling a variety of terrains. Designed for fun-seekers of all ages, this go-kart is an ideal choice for backyard racing or exploring local trails.", "price": "37.00", "image": "https://i.imgur.com/Ex5x3IU.jpg", "category": 5}}, {"model": "store_backend.product", "pk": 39, "fields": {"name": "Sleek Futuristic Electric Bicycle", "description": "This modern electric bicycle combines style and efficiency with its unique design and top-notch performance features. Equipped with a durable frame, enhanced battery life, and integrated tech capabilities, it's perfect for the eco-conscious commuter looking to navigate the city with ease.", "price": "22.00", "image": "https://i.imgur.com/BG8J0Fj.jpg", "category": 5}}, {"model": "store_backend.product", "pk": 40, "fields": {"name": "Trendy Pink-Tinted Sunglasses", "description": "Step up your style game with these fashionable black-framed, pink-tinted sunglasses. Perfect for making a statement while protecting your eyes from the glare. Their bold color and contemporary design make these shades a must-have accessory for any trendsetter looking to add a pop of color to their ensemble.", "price": "38.00", "image": "https://i.imgur.com/0qQBkxX.jpg", "category": 5}}, {"model": "store_backend.product", "pk": 41, "fields": {"name": "Chic Transparent Fashion Handbag", "description": "Elevate your style with our Chic Transparent Fashion Handbag, perfect for showcasing your essentials with a clear, modern edge. This trendy accessory features durable acrylic construction, luxe gold-tone hardware, and an elegant chain strap. Its compact size ensures you can carry your day-to-day items with ease and sophistication.", "price": "61.00", "image": "https://i.imgur.com/Lqaqz59.jpg", "category": 5}}, {"model": "store_backend.product", "pk": 42, "fields": {"name": "Elegant Glass Tumbler Set", "description": "Enhance your drinkware collection with our sophisticated set of glass tumblers, perfect for serving your favorite beverages. This versatile set includes both clear and subtly tinted glasses, lending a modern touch to any table setting. Crafted with quality materials, these durable tumblers are designed to withstand daily use while maintaining their elegant appeal.", "price": "50.00", "image": "https://i.imgur.com/TF0pXdL.jpg", "category": 5}}, {"model": "store_backend.product", "pk": 43, "fields": {"name": "Radiant Citrus Eau de Parfum", "description": "Indulge in the essence of summer with this vibrant citrus-scented Eau de Parfum. Encased in a sleek glass bottle with a bold orange cap, this fragrance embodies freshness and elegance. Perfect for daily wear, it's an olfactory delight that leaves a lasting, zesty impression.", "price": "73.00", "image": "https://i.imgur.com/xPDwUb3.jpg", "category": 5}}, {"model": "store_backend.product", "pk": 44, "fields": {"name": "Sleek Olive Green Hardshell Carry-On Luggage", "description": "Travel in style with our durable hardshell carry-on, perfect for weekend getaways and business trips. This sleek olive green suitcase features smooth gliding wheels for easy airport navigation, a sturdy telescopic handle, and a secure zippered compartment to keep your belongings safe. Its compact size meets most airline overhead bin requirements, ensuring a hassle-free flying experience.", "price": "48.00", "image": "https://i.imgur.com/jVfoZnP.jpg", "category": 5}}, {"model": "store_backend.product", "pk": 45, "fields": {"name": "product-002", "description": "Sample description", "price": "100.00", "image": "https://placehold.co/600x400", "category": 1}}, {"model": "store_backend.product", "pk": 46, "fields": {"name": "334", "description": "asdfghj", "price": "23456.00", "image": "https://encrypted-tbn0.gstatic.com/images?q=tbn:ANd9GcTNqXaFN_cE8aL_5BzQFBC_k7XaEeTKomAp8g&s", "category": 2}}, {"model": "store_backend.product", "pk": 47, "fields": {"name": "sofa bed1", "description": "simple", "price": "1900.00", "image": "https://res.cloudinary.com/ddpp7o6zo/image/upload/v1752145716/z6my0c8cpssjpgba411e.webp", "category": 3}}, {"model": "store_backend.product", "pk": 48, "fields": {"name": "New Product", "description": "A description", "price": "10.00", "image": "https://placehold.co/600x400", "category": 1}}, {"model": "store_backend.order", "pk": 1, "fields": {"user": 2, "created_at": "2025-07-10T12:42:46.526Z", "is_active": true, "is_paid": false}}, {"model": "store_backend.order", "pk": 2, "fields": {"user": 3, "created_at": "2025-07-14T12:18:18.023Z", "is_active": true, "is_paid": false}}, {"model": "store_backend.orderitem", "pk": 5, "fields": {"order": 2, "product": 3, "quantity": 1}}, {"model": "store_backend.orderitem", "pk": 6, "fields": {"order": 2, "product": 5, "quantity": 1}}, {"model": "store_backend.orderitem", "pk": 7, "fields": {"order": 2, "product": 4, "quantity": 1}}, {"model": "store_backend.orderitem", "pk": 11, "fields": {"order": 1, "product": 47, "quantity": 1}}, {"model": "store_backend.orderitem", "pk": 12, "fields": {"order": 1, "product": 7, "quantity": 1}}, {"model": "store_backend.orderitem", "pk": 13, "fields": {"order": 1, "product": 1, "quantity": 1}}, {"model": "authtoken.token", "pk": "5665f5dd06dd8a82ec0360dbfe39d5fd4ab2f579", "fields": {"user": 3, "created": "2025-07-14T12:18:16.476Z"}}, {"model": "authtoken.token", "pk": "b9ae56c87eb2bb99e736ba5974a9c3ac63415216", "fields": {"user": 2, "created": "2025-07-10T12:42:44.892Z"}}]
